<?xml version="1.0" encoding="UTF-8"?>
<!DOCTYPE mapper PUBLIC "-//mybatis.org//DTD Mapper 3.0//EN" "http://mybatis.org/dtd/mybatis-3-mapper.dtd">
<mapper namespace="com.tzs.antique.system.mapper.BaseRoleMapper">

        <!-- 通用查询映射结果 -->
        <resultMap id="BaseResultMap" type="com.tzs.antique.system.entity.BaseRole">
                <result column="id" property="id"/>
                    <result column="role_name" property="roleName"/>
                    <result column="remark" property="remark"/>
                    <result column="create_time" property="createTime"/>
                    <result column="update_time" property="updateTime"/>
                    <result column="flag" property="flag"/>
        </resultMap>

        <!-- 通用查询结果列 -->
        <sql id="Base_Column_List">
                id,
            role_name, remark, create_time, update_time, flag
        </sql>

</mapper>
