<?xml version="1.0" encoding="UTF-8"?>
<!DOCTYPE mapper PUBLIC "-//mybatis.org//DTD Mapper 3.0//EN" "http://mybatis.org/dtd/mybatis-3-mapper.dtd">
<mapper namespace="com.tzs.antique.system.dao.BaseUserMapper">

    <!-- 通用查询映射结果 -->
    <resultMap id="BaseResultMap" type="com.tzs.antique.system.entity.BaseUser">
        <result column="id" property="id"/>
        <result column="user_name" property="userName"/>
        <result column="pass_word" property="passWord"/>
        <result column="name" property="name"/>
        <result column="phone_number" property="phoneNumber"/>
        <result column="email" property="email"/>
        <result column="sex" property="sex"/>
        <result column="flag" property="flag"/>
        <result column="create_time" property="createTime"/>
        <result column="update_time" property="updateTime"/>
    </resultMap>

    <!-- 通用查询结果列 -->
    <sql id="Base_Column_List">
                id,
            user_name, name, phone_number, email, sex, flag, create_time, update_time
        </sql>

    <select id="findUserMenusByUserName" resultType="com.tzs.antique.system.entity.BaseMenu" parameterType="string">
        SELECT
            m.menu
        FROM
            base_user u
            LEFT JOIN base_user_role ur ON u.id = ur.user_id
            LEFT JOIN base_role_menu rm ON ur.role_id = rm.role_id
            LEFT JOIN base_menu m ON m.id = rm.menu_id
        WHERE
            u.user_name = #{username}
            AND ur.flag = 0
        GROUP BY
            m.menu
    </select>

    <select id="findUserList" parameterType="com.tzs.antique.system.entity.BaseUser" resultType="com.tzs.antique.system.entity.BaseUser">
        SELECT
            u.id,u.user_name,u.name,u.email,u.sex,u.create_time,group_concat(r.role_name) roleNames,group_concat(r.id) roles
        FROM
            base_user u LEFT JOIN  base_user_role ur ON u.id = ur.user_id
        LEFT JOIN base_role r ON ur.role_id = r.id
        WHERE 1=1 AND u.flag = 0
<!--            <if test="user.userName != null and user.userName != ''">-->
<!--                AND u.user_name LIKE "%"#{user.userName}"%"-->
<!--            </if>-->
            <if test="user.name != null and user.name != ''">
                AND CONCAT(u.name,u.user_name) LIKE "%"#{user.name}"%"
            </if>
            group  by u.id
    </select>
</mapper>
