<?xml version="1.0" encoding="UTF-8"?>
<!DOCTYPE mapper PUBLIC "-//mybatis.org//DTD Mapper 3.0//EN" "http://mybatis.org/dtd/mybatis-3-mapper.dtd">
<mapper namespace="com.tzs.antique.system.dao.BaseMenuMapper">

    <!-- 通用查询映射结果 -->
    <resultMap id="BaseResultMap" type="com.tzs.antique.system.entity.BaseMenu">
        <result column="id" property="id"/>
        <result column="parent_id" property="parentId"/>
        <result column="menu" property="menu"/>
        <result column="path" property="path"/>
        <result column="order_num" property="orderNum"/>
        <result column="createTime" property="createTime"/>
    </resultMap>

    <!-- 通用查询结果列 -->
    <sql id="Base_Column_List">
                id,
            parent_id, menu, path, order_num, createTime
        </sql>

    <select id="findUserMenus" parameterType="string" resultType="com.tzs.antique.system.entity.BaseMenu">
        SELECT
            m.*
        FROM
            base_role r LEFT JOIN base_role_menu rm ON r.id = rm.role_id
                        LEFT JOIN base_menu m ON rm.menu_id = m.id
        WHERE
            r.role_name in (#{roles}) AND r.flag = 0
    </select>

</mapper>
