<?xml version="1.0" encoding="UTF-8"?>
<!DOCTYPE mapper PUBLIC "-//mybatis.org//DTD Mapper 3.0//EN" "http://mybatis.org/dtd/mybatis-3-mapper.dtd">
<mapper namespace="com.tzs.antique.system.dao.BaseRoleMenuMapper">
    <!-- 通用查询映射结果 -->
    <resultMap id="BaseResultMap" type="com.tzs.antique.system.entity.BaseRoleMenu">
        <result column="id" property="id"/>
        <result column="role_id" property="roleId"/>
        <result column="menu_id" property="menuId"/>
        <result column="create_time" property="createTime"/>
        <result column="update_time" property="updateTime"/>
    </resultMap>

    <!-- 通用查询结果列 -->
    <sql id="Base_Column_List">
                id,
            role_id, menu_id, create_time, update_time
        </sql>

    <select id="findMenus" parameterType="string" resultType="com.tzs.antique.system.entity.BaseMenu">
        SELECT
            m.*
        FROM
            base_menu m

        LEFT JOIN base_role_menu rm ON m.id = rm.menu_id

        WHERE rm.role_id IN (#{roles})
    </select>

</mapper>
