<?xml version="1.0" encoding="UTF-8"?>
<!DOCTYPE mapper PUBLIC "-//mybatis.org//DTD Mapper 3.0//EN" "http://mybatis.org/dtd/mybatis-3-mapper.dtd">
<mapper namespace="com.tzs.antique.system.dao.BaseUserRoleMapper">

    <!-- 通用查询映射结果 -->
    <resultMap id="BaseResultMap" type="com.tzs.antique.system.entity.BaseUserRole">
        <result column="id" property="id"/>
        <result column="user_id" property="userId"/>
        <result column="role_id" property="roleId"/>
        <result column="create_time" property="createTime"/>
        <result column="update_time" property="updateTime"/>
        <result column="flag" property="flag"/>
    </resultMap>

    <!-- 通用查询结果列 -->
    <sql id="Base_Column_List">
                id,
            user_id, role_id, create_time, update_time, flag
    </sql>

    <select id="findUserRoleByUser" parameterType="com.tzs.antique.system.entity.BaseRole" resultType="com.tzs.antique.system.entity.BaseRole">
        SELECT
            u.id uid, r.id, r.role_name
        FROM
            base_user u
            LEFT JOIN base_user_role ur ON u.id=ur.user_id
            LEFT JOIN base_role r ON ur.role_id=r.id
        WHERE
            u.user_name = #{baseUser.userName}
            AND
                r.flag = 0
            AND
                ur.flag = 0

    </select>

</mapper>
