<?xml version="1.0" encoding="UTF-8"?>
<!DOCTYPE mapper PUBLIC "-//mybatis.org//DTD Mapper 3.0//EN" "http://mybatis.org/dtd/mybatis-3-mapper.dtd">
<mapper namespace="com.tzs.antique.system.dao.SysDictMapper">

        <!-- 通用查询映射结果 -->
        <resultMap id="BaseResultMap" type="com.tzs.antique.system.entity.SysDict">
                <result column="id" property="id"/>
                    <result column="code" property="code"/>
                    <result column="name" property="name"/>
                    <result column="type" property="type"/>
                    <result column="order" property="order"/>
        </resultMap>

        <!-- 通用查询结果列 -->
        <sql id="Base_Column_List">
                id,
            code, name, type, order
        </sql>

</mapper>
